{
    "ARAdmin": {},
    "ARSDadmin": false,
    "ARSDstaff": false,
    "ARSadmin": false,
    "ARSstaff": false,
    "ARStaff": {},
    "ARautojoin": true,
    "ARautoread": false,
    "ARautoscan": false,
    "ARblacklist": {},
    "ARdblacklist": false,
    "ARgreet": {},
    "ARlimit": 1,
    "ARmessage": "Hallo...",
    "ARmessage1": "Chat with me http://line.me/ti/p/~dkbots",
    "Addimage": false,
    "GALbot": false,
    "GAbot": {},
    "Images": {},
    "Img": {},
    "RAfoto": {},
    "RAvideo": {},
    "autoAdd": false,
    "autoJoin": false,
    "autoJoinTicket": false,
    "autoLeave": true,
    "autoRead": false,
    "autoReject": false,
    "changeGroupPicture": false,
    "changePicture": false,
    "comment1": "» ʜᴇʏ,  ɪᴍ ᴄᴏᴍᴍɪɴɢ 💃\n» ᴀᴜᴛᴏʟɪᴋᴇ ʙʏ: ᴛᴇᴀᴍ ᴅᴋᴢ ᴘʀᴏᴛᴇᴄᴛɪᴏɴ\n» ғᴀᴍɪʟʏ ʙᴏᴛs ᴘʀᴏᴛᴇᴄᴛ\n» ғᴀᴍɪʟʏ sᴇʟғʙᴏᴛ\n» ғᴀᴍɪʟʏ ᴊᴀᴠᴀsᴄʀɪғᴛ ʙᴏᴛ\n\n» ᴡᴇ ᴀʀᴇ ᴘʀᴏᴛᴇᴄᴛ ʏᴏᴜʀ ɢʀᴏᴜᴘ",
    "ghostJs": {
        "c61233c66393e6e5a5105d7f88af50587": true
    },
    "keyCommand": "",
    "picon": {
        "c61233c66393e6e5a5105d7f88af50587": true
    },
    "proInvite": {
        "c61233c66393e6e5a5105d7f88af50587": true
    },
    "proKick": {
        "c61233c66393e6e5a5105d7f88af50587": true
    },
    "proLink": {
        "c61233c66393e6e5a5105d7f88af50587": true
    },
    "proName": {
        "c61233c66393e6e5a5105d7f88af50587": true
    },
    "pro_name": {
        "c61233c66393e6e5a5105d7f88af50587": "Fileku"
    },
    "protectantijs": {
        "c61233c66393e6e5a5105d7f88af50587": true
    },
    "protectcancel": {
        "c61233c66393e6e5a5105d7f88af50587": true
    },
    "readMember": {},
    "readPoint": {},
    "restartBot": {},
    "restartPoint": {},
    "server": {},
    "userAgent": {},
    "wblacklist": false
}