{ 
    "restartPoint": {},
    "restartBot": {},
    "userAgent": {},
    "keyCommand": "",
    "autoAdd": false,
    "autoJoin": false,
    "autoReject": false,
    "autoLeave": true,
    "autoRead": false,
    "server": {},
    "changePicture": false,
    "changeGroupPicture": false,
    "autoJoinTicket": false,
    "Img": {},
    "Images": {},
    "Addimage": false,
    "ARAdmin": {},
    "RAvideo": {},
    "ARGfoto": {},
    "ARSDadmin": false,
    "ARSDstaff": false,
    "ARSadmin": false,
    "ARSstaff": false,
    "ARStaff": {},
    "ARautojoin": true,
    "ARautoread": false,
    "ARautoscan": false,
    "ARblacklist": {},
    "ARdblacklist": false,
    "RAfoto": {},
    "ARgreet": {},
    "ARlimit": 1,
    "ARmessage": "Hallo...",
    "ARmessage1": "Chat with me http://line.me/ti/p/~sayadk",
    "proCancel": {},
    "proInvite": {},
    "protectantijs": {},
    "proInvite": {},
    "proKick": {},
    "proLink": {},
    "picon": {},
    "ghostJs": {},
    "proName": {},
    "GAbot": {},
    "GALbot": false,
    "readMember": {},
    "readPoint": {},
    "wblacklist": false
}
